SlNo,DIST_NAME,DIST_ID,block_name,BLK_NAME01,id,T_max1,T_max2,T_max3,T_max4,T_max5,T_Min1,T_Min2,T_Min3,T_Min4,T_Min5
43,BALANGIR,5,Agalpur (Duduka),Agalpur (Duduka),43,42,42,43,43,43,26,25,26,27,29
21,BARAGARH,3,Ambabhona,Ambabhona,21,42,42,43,44,43,26,25,26,27,29
175,KEONJHAR,18,Anandapur,Anandapur,175,39,39,39,40,40,26,25,26,27,29
1,ANGUL,1,Angul,Angul,1,40,41,43,43,43,26,25,26,27,29
107,GANJAM,11,Aska,Aska,107,38,38,39,39,39,26,25,26,27,29
261,PURI,26,Astaranga,Astaranga,261,38,38,39,39,39,26,25,26,27,29
6,ANGUL,1,Athmallik,Athmallik,6,41,42,42,43,43,26,25,26,27,29
22,BARAGARH,3,Attabira,Attabira,22,43,43,44,44,44,26,25,26,27,29
165,KENDRAPARA,17,Aul (Ali),Aul (Ali),165,39,38,39,40,39,26,25,26,27,29
127,JAJPUR,13,Badachana,Badachana,127,39,39,39,40,40,26,25,26,27,29
231,MAYURBHANJ,22,Bahalda,Bahalda,231,39,39,40,41,40,26,25,26,27,29
40,BALANGIR,5,Balangir,Balangir,40,43,43,43,44,44,26,25,26,27,29
13,BALESWAR,2,Baleswar,Baleswar,13,38,38,39,39,39,26,25,26,27,29
12,BALESWAR,2,Baliapal,Baliapal,12,39,38,39,39,39,26,25,26,27,29
147,KANDHAMAL,16,Baliguda,Baliguda,147,42,42,42,43,42,26,25,26,27,29
114,JAGATSINGHPUR,12,Balikuda,Balikuda,114,38,39,39,40,40,26,25,26,27,29
304,SUNDARGARH,30,Balisankara,Balisankara,304,41,42,43,44,43,26,25,26,27,29
289,SAMBALPUR,28,Bamra,Bamra,289,42,42,43,44,43,26,25,26,27,29
2,ANGUL,1,Banarpal,Banarpal,2,40,41,43,43,43,26,25,26,27,29
194,KORAPUT,20,Bandhugaon,Bandhugaon,194,38,38,39,39,38,26,25,26,27,29
311,SUNDARGARH,30,Banei,Banei,311,40,41,42,43,43,26,25,26,27,29
220,MAYURBHANJ,22,Bangiriposhi,Bangiriposhi,220,39,39,39,40,40,26,25,26,27,29
51,BALANGIR,5,Bangomunda,Bangomunda,51,43,43,43,44,43,26,25,26,27,29
58,CUTTACK,7,Banki-Dampara,Banki-Dampara,58,39,38,39,40,39,26,25,26,27,29
36,BHADRAK,4,Bonth,Bonth,36,40,39,40,40,39,26,25,26,27,29
303,SUNDARGARH,30,Baragaon,Baragaon,303,42,42,43,44,43,26,25,26,27,29
23,BARAGARH,3,Baragarh,Baragarh,23,42,43,43,44,44,26,25,26,27,29
59,CUTTACK,7,Barang,Barang,59,38,38,39,40,39,26,25,26,27,29
24,BARAGARH,3,Barapali,Barapali,24,42,43,43,44,44,26,25,26,27,29
128,JAJPUR,13,Bari,Bari,128,39,39,39,40,40,26,25,26,27,29
70,DEOGARH,8,Barkot,Barkot,70,40,41,42,43,43,26,25,26,27,29
213,MAYURBHANJ,22,Barsahi,Barsahi,213,39,38,39,40,40,26,25,26,27,29
10,BALESWAR,2,Basta,Basta,10,39,38,39,39,39,26,25,26,27,29
35,BHADRAK,4,Basudebpur,Basudebpur,35,39,39,39,40,39,26,25,26,27,29
104,GANJAM,11,Bellaguntha,Bellaguntha,104,39,39,39,40,39,26,25,26,27,29
47,BALANGIR,5,Belpara,Belpara,47,42,42,43,43,43,26,25,26,27,29
214,MAYURBHANJ,22,Betanati,Betanati,214,39,38,39,40,40,26,25,26,27,29
33,BHADRAK,4,Bhadrak,Bhadrak,33,40,39,40,40,39,26,25,26,27,29
34,BHADRAK,4,Bhandaripokhari,Bhandaripokhari,34,40,39,40,40,39,26,25,26,27,29
103,GANJAM,11,Bhanjanagar,Bhanjanagar,103,40,40,40,41,41,26,25,26,27,29
248,NAYAGARH,24,Bhapur,Bhapur,248,39,39,39,40,40,26,25,26,27,29
25,BARAGARH,3,Bhatli,Bhatli,25,42,43,43,44,44,26,25,26,27,29
134,KALAHANDI,15,Bhawanipatna,Bhawanipatna,134,43,43,44,44,43,26,25,26,27,29
26,BARAGARH,3,Bheden,Bheden,26,42,43,43,44,44,26,25,26,27,29
9,BALESWAR,2,Bhograi,Bhograi,9,39,38,39,39,39,26,25,26,27,29
78,DHENKANAL,9,Bhuban,Bhuban,78,39,39,39,40,40,26,25,26,27,29
227,MAYURBHANJ,22,Bijatola,Bijatola,227,39,39,40,40,40,26,25,26,27,29
27,BARAGARH,3,Bijepur,Bijepur,27,42,43,43,44,43,26,25,26,27,29
120,JAJPUR,13,Binjharpur,Binjharpur,120,39,38,39,40,39,26,25,26,27,29
112,JAGATSINGHPUR,12,Biridi,Biridi,112,38,39,39,40,40,26,25,26,27,29
226,MAYURBHANJ,22,Bisoi,Bisoi,226,39,39,39,40,40,26,25,26,27,29
309,SUNDARGARH,30,Bisra,Bisra,309,42,42,43,44,43,26,25,26,27,29
280,RAYAGADA,27,Bissam Cuttack,Bissam Cuttack,280,40,40,40,41,40,26,25,26,27,29
256,NUAPADA,25,Boden,Boden,256,42,41,42,43,42,26,25,26,27,29
204,KORAPUT,20,Boipariguda,Boipariguda,204,39,39,39,39,39,26,25,26,27,29
203,KORAPUT,20,Boriguma,Boriguma,203,38,38,38,39,38,26,25,26,27,29
54,BOUDH,6,Boudh,Boudh,54,43,43,43,44,44,26,25,26,27,29
262,PURI,26,Bramhagiri,Bramhagiri,262,38,37,38,39,38,26,25,26,27,29
106,GANJAM,11,Buguda,Buguda,106,39,38,39,40,39,26,25,26,27,29
148,KANDHAMAL,16,Chakapad,Chakapad,148,40,40,40,41,41,26,25,26,27,29
178,KEONJHAR,18,Champua,Champua,178,39,39,40,41,40,26,25,26,27,29
37,BHADRAK,4,Chandabali,Chandabali,37,39,38,39,40,39,26,25,26,27,29
247,NAWARANGAPUR,23,Chandahandi,Chandahandi,247,40,40,41,41,41,26,25,26,27,29
282,RAYAGADA,27,Chandrapur,Chandrapur,282,40,40,40,41,40,26,25,26,27,29
89,GANJAM,11,Chhatrapur,Chhatrapur,89,36,35,36,37,36,26,25,26,27,29
3,ANGUL,1,Chhendipada,Chhendipada,3,40,41,43,43,43,26,25,26,27,29
99,GANJAM,11,Chikiti,Chikiti,99,37,36,37,38,37,26,25,26,27,29
61,CUTTACK,7,Cuttack Sadar,Cuttack Sadar,61,38,38,39,40,39,26,25,26,27,29
243,NAWARANGAPUR,23,Dabugan,Dabugan,243,39,39,39,40,39,26,25,26,27,29
123,JAJPUR,13,Danagadi,Danagadi,123,39,39,39,40,40,26,25,26,27,29
149,KANDHAMAL,16,Daringbadi,Daringbadi,149,40,40,41,42,41,26,25,26,27,29
196,KORAPUT,20,Dasamantapur,Dasamantapur,196,38,38,39,39,38,26,25,26,27,29
249,NAYAGARH,24,Dasapalla,Dasapalla,249,40,40,40,41,41,26,25,26,27,29
121,JAJPUR,13,Dasarathpur,Dasarathpur,121,39,39,39,40,39,26,25,26,27,29
263,PURI,26,Delanga,Delanga,263,39,38,39,40,39,26,25,26,27,29
44,BALANGIR,5,Deogaon,Deogaon,44,43,43,43,44,44,26,25,26,27,29
160,KENDRAPARA,17,Derabisi,Derabisi,160,38,38,39,40,39,26,25,26,27,29
38,BHADRAK,4,Dhamanagar,Dhamanagar,38,40,39,40,40,39,26,25,26,27,29
284,SAMBALPUR,28,Dhankauda,Dhankauda,284,43,43,44,44,43,26,25,26,27,29
108,GANJAM,11,Dharakote,Dharakote,108,39,38,39,40,39,26,25,26,27,29
141,KALAHANDI,15,Dharamgarh,Dharamgarh,141,41,41,42,42,41,26,25,26,27,29
126,JAJPUR,13,Dharmasala,Dharmasala,126,39,39,39,40,40,26,25,26,27,29
73,DHENKANAL,9,Dhenkanal,Dhenkanal,73,39,38,39,40,39,26,25,26,27,29
102,GANJAM,11,Digapahandi,Digapahandi,102,38,38,38,39,38,26,25,26,27,29
295,SONEPUR,29,Dunguripali,Dunguripali,295,42,42,43,43,43,26,25,26,27,29
118,JAGATSINGHPUR,12,Ersama,Ersama,118,38,38,39,39,39,26,25,26,27,29
150,KANDHAMAL,16,G. Udayagiri,G. Udayagiri,150,40,40,40,41,41,26,25,26,27,29
28,BARAGARH,3,Gaisilet,Gaisilet,28,42,42,43,43,43,26,25,26,27,29
74,DHENKANAL,9,Gandia,Gandia,74,39,39,39,40,40,26,25,26,27,29
250,NAYAGARH,24,Gania,Gania,250,40,40,41,41,41,26,25,26,27,29
90,GANJAM,11,Ganjam,Ganjam,90,37,36,36,37,37,26,25,26,27,29
163,KENDRAPARA,17,Garadpur,Garadpur,163,38,38,39,40,39,26,25,26,27,29
176,KEONJHAR,18,Ghasipura,Ghasipura,176,39,39,39,40,40,26,25,26,27,29
173,KEONJHAR,18,Ghatgaon,Ghatgaon,173,39,39,39,40,40,26,25,26,27,29
146,KALAHANDI,15,Golamunda,Golamunda,146,42,42,43,43,42,26,25,26,27,29
264,PURI,26,Gop,Gop,264,38,38,39,39,39,26,25,26,27,29
223,MAYURBHANJ,22,Gopabandhunagar,Gopabandhunagar,223,39,38,39,40,40,26,25,26,27,29
278,RAYAGADA,27,Gudari,Gudari,278,39,39,40,40,39,26,25,26,27,29
42,BALANGIR,5,Gudvela,Gudvela,42,42,42,43,43,43,26,25,26,27,29
84,GAJAPATI,10,Gumma,Gumma,84,38,38,38,39,38,26,25,26,27,29
276,RAYAGADA,27,Gunupur,Gunupur,276,39,38,39,39,39,26,25,26,27,29
313,SUNDARGARH,30,Gurundia,Gurundia,313,41,42,42,43,43,26,25,26,27,29
56,BOUDH,6,Harbhanga,Harbhanga,56,41,42,42,43,43,26,25,26,27,29
174,KEONJHAR,18,Harichandanpur,Harichandanpur,174,39,39,39,40,40,26,25,26,27,29
177,KEONJHAR,18,Hatadihi,Hatadihi,177,39,39,39,40,39,26,25,26,27,29
298,SUNDARGARH,30,Hemgiri,Hemgiri,298,42,42,43,44,43,26,25,26,27,29
76,DHENKANAL,9,Hindol,Hindol,76,40,40,42,42,42,26,25,26,27,29
96,GANJAM,11,Hinjilicut,Hinjilicut,96,37,36,37,37,37,26,25,26,27,29
105,GANJAM,11,Jagannathprasad,Jagannathprasad,105,39,39,40,41,40,26,25,26,27,29
111,JAGATSINGHPUR,12,Jagatsinghapur,Jagatsinghapur,111,38,39,39,40,40,26,25,26,27,29
119,JAJPUR,13,Jajapur,Jajapur,119,39,39,39,40,40,26,25,26,27,29
11,BALESWAR,2,Jaleswar,Jaleswar,11,39,38,39,40,39,26,25,26,27,29
288,SAMBALPUR,28,Jamankira,Jamankira,288,42,42,43,44,43,26,25,26,27,29
230,MAYURBHANJ,22,Jamda,Jamda,230,39,39,40,41,40,26,25,26,27,29
233,MAYURBHANJ,22,Jashipur,Jashipur,233,39,39,40,40,40,26,25,26,27,29
144,KALAHANDI,15,Jayapatna,Jayapatna,144,40,40,41,41,41,26,25,26,27,29
200,KORAPUT,20,Jeypore,Jeypore,200,38,38,38,39,38,26,25,26,27,29
29,BARAGARH,3,Jharbandha,Jharbandha,29,42,42,42,43,43,26,25,26,27,29
246,NAWARANGAPUR,23,Jharigan,Jharigan,246,40,40,41,41,40,26,25,26,27,29
129,JHARSUGUDA,14,Jharsuguda,Jharsuguda,129,43,43,44,44,44,26,25,26,27,29
180,KEONJHAR,18,Jhumpura,Jhumpura,180,39,39,40,41,40,26,25,26,27,29
179,KEONJHAR,18,Joda,Joda,179,40,40,41,42,41,26,25,26,27,29
283,SAMBALPUR,28,Jujomura,Jujomura,283,43,43,44,44,43,26,25,26,27,29
142,KALAHANDI,15,Junagarh,Junagarh,142,42,42,43,43,42,26,25,26,27,29
153,KANDHAMAL,16,K.Nuagaon,K.Nuagaon,153,41,41,41,42,41,26,25,26,27,29
92,GANJAM,11,Kabisuryanagar,Kabisuryanagar,92,38,37,38,38,38,26,25,26,27,29
265,PURI,26,Kakatpur,Kakatpur,265,38,38,39,39,39,26,25,26,27,29
143,KALAHANDI,15,Kalampur,Kalampur,143,40,40,41,41,41,26,25,26,27,29
210,MALKANGIRI,21,Kalimela,Kalimela,210,40,41,40,40,40,26,25,26,27,29
274,RAYAGADA,27,Kalyanasingpur,Kalyanasingpur,274,40,40,41,41,40,26,25,26,27,29
77,DHENKANAL,9,Kamakhyanagar,Kamakhyanagar,77,39,39,40,40,40,26,25,26,27,29
266,PURI,26,Kanas,Kanas,266,39,38,39,40,39,26,25,26,27,29
5,ANGUL,1,Kaniha,Kaniha,5,40,40,42,42,42,26,25,26,27,29
80,DHENKANAL,9,Kankadahad,Kankadahad,80,39,40,41,41,41,26,25,26,27,29
55,BOUDH,6,Kantamal,Kantamal,55,43,43,43,44,44,26,25,26,27,29
62,CUTTACK,7,Kantapada,Kantapada,62,38,39,39,40,40,26,25,26,27,29
225,MAYURBHANJ,22,Kaptipada,Kaptipada,225,39,39,39,40,39,26,25,26,27,29
234,MAYURBHANJ,22,Karanjia,Karanjia,234,39,39,39,40,40,26,25,26,27,29
136,KALAHANDI,15,Karlamunda,Karlamunda,136,42,42,43,43,43,26,25,26,27,29
275,RAYAGADA,27,Kashipur,Kashipur,275,40,40,41,41,40,26,25,26,27,29
81,GAJAPATI,10,Kasinagar,Kasinagar,81,38,38,38,39,38,26,25,26,27,29
159,KENDRAPARA,17,Kendrapara,Kendrapara,159,38,38,39,40,39,26,25,26,27,29
168,KEONJHAR,18,Kendujhar,Kendujhar,168,39,38,39,41,40,26,25,26,27,29
135,KALAHANDI,15,Kesinga,Kesinga,135,43,43,44,44,43,26,25,26,27,29
19,BALESWAR,2,Khaira,Khaira,19,40,39,40,40,39,26,25,26,27,29
207,MALKANGIRI,21,Khairput,Khairput,207,40,40,40,40,40,26,25,26,27,29
151,KANDHAMAL,16,Khajuripada,Khajuripada,151,41,42,42,43,43,26,25,26,27,29
95,GANJAM,11,Khallikote,Khallikote,95,38,38,38,39,38,26,25,26,27,29
251,NAYAGARH,24,Khandapada,Khandapada,251,39,39,40,40,40,26,25,26,27,29
48,BALANGIR,5,Khaprakhol,Khaprakhol,48,42,42,43,44,43,26,25,26,27,29
257,NUAPADA,25,Khariar,Khariar,257,42,42,43,43,42,26,25,26,27,29
222,MAYURBHANJ,22,Khunta,Khunta,222,39,38,39,40,40,26,25,26,27,29
132,JHARSUGUDA,14,Kirimira,Kirimira,132,43,43,44,44,44,26,25,26,27,29
7,ANGUL,1,Kishorenagar,Kishorenagar,7,41,41,42,42,42,26,25,26,27,29
94,GANJAM,11,Kodala,Kodala,94,38,38,38,39,38,26,25,26,27,29
314,SUNDARGARH,30,Koida,Koida,314,41,41,42,43,42,26,25,26,27,29
145,KALAHANDI,15,Kokasara,Kokasara,145,40,40,41,41,41,26,25,26,27,29
130,JHARSUGUDA,14,Kolabira,Kolabira,130,43,43,44,44,44,26,25,26,27,29
217,MAYURBHANJ,22,Koliana,Koliana,217,39,38,39,40,40,26,25,26,27,29
273,RAYAGADA,27,Kolnara,Kolnara,273,38,38,39,39,38,26,25,26,27,29
191,KORAPUT,20,Koraput,Koraput,191,38,38,38,38,38,26,25,26,27,29
122,JAJPUR,13,Korei,Korei,122,39,39,39,40,40,26,25,26,27,29
242,NAWARANGAPUR,23,Kosagumuda,Kosagumuda,242,39,39,39,40,39,26,25,26,27,29
152,KANDHAMAL,16,Kotagarh,Kotagarh,152,40,40,41,41,41,26,25,26,27,29
201,KORAPUT,20,Kotpad,Kotpad,201,39,39,39,39,39,26,25,26,27,29
267,PURI,26,Krushnaprasad,Krushnaprasad,267,38,38,38,39,38,26,25,26,27,29
307,SUNDARGARH,30,Kuanrmunda,Kuanrmunda,307,42,42,43,44,43,26,25,26,27,29
287,SAMBALPUR,28,Kuchinda,Kuchinda,287,42,42,43,43,43,26,25,26,27,29
117,JAGATSINGHPUR,12,Kujang,Kujang,117,38,38,38,39,39,26,25,26,27,29
98,GANJAM,11,Kukudakhandi,Kukudakhandi,98,37,36,37,37,36,26,25,26,27,29
202,KORAPUT,20,Kundra,Kundra,202,39,39,39,39,38,26,25,26,27,29
229,MAYURBHANJ,22,Kusumi,Kusumi,229,39,39,40,40,40,26,25,26,27,29
305,SUNDARGARH,30,Kutra,Kutra,305,41,42,43,43,43,26,25,26,27,29
312,SUNDARGARH,30,Lahunipara,Lahunipara,312,41,41,42,43,42,26,25,26,27,29
131,JHARSUGUDA,14,Laikera,Laikera,131,42,43,44,44,44,26,25,26,27,29
133,JHARSUGUDA,14,Lakhanpur,Lakhanpur,133,43,43,44,44,43,26,25,26,27,29
198,KORAPUT,20,Lakshmipur,Lakshmipur,198,38,38,39,39,38,26,25,26,27,29
192,KORAPUT,20,Lamptaput,Lamptaput,192,39,39,39,39,38,26,25,26,27,29
139,KALAHANDI,15,Lanjigarh,Lanjigarh,139,42,42,43,43,42,26,25,26,27,29
310,SUNDARGARH,30,Lathikata,Lathikata,310,42,42,43,44,43,26,25,26,27,29
299,SUNDARGARH,30,Lephripara,Lephripara,299,42,42,43,44,43,26,25,26,27,29
45,BALANGIR,5,Loisinga,Loisinga,45,43,43,43,44,44,26,25,26,27,29
137,KALAHANDI,15,Madanpur-Rampur,Madanpur-Rampur,137,42,42,43,43,42,26,25,26,27,29
162,KENDRAPARA,17,Mahakalapada,Mahakalapada,162,38,38,39,40,39,26,25,26,27,29
63,CUTTACK,7,Mahanga,Mahanga,63,39,39,39,40,40,26,25,26,27,29
205,MALKANGIRI,21,Malkangiri,Malkangiri,205,40,41,40,40,40,26,25,26,27,29
286,SAMBALPUR,28,Maneswar,Maneswar,286,43,43,44,44,43,26,25,26,27,29
161,KENDRAPARA,17,Marsaghai,Marsaghai,161,38,38,39,40,39,26,25,26,27,29
206,MALKANGIRI,21,Mathili,Mathili,206,40,41,40,40,40,26,25,26,27,29
87,GAJAPATI,10,Mohana,Mohana,87,39,39,40,40,40,26,25,26,27,29
281,RAYAGADA,27,Muniguda,Muniguda,281,41,41,42,42,41,26,25,26,27,29
52,BALANGIR,5,Muribahal,Muribahal,52,43,43,44,44,43,26,25,26,27,29
215,MAYURBHANJ,22,Muruda,Muruda,215,39,38,39,40,40,26,25,26,27,29
291,SAMBALPUR,28,Naktideul,Naktideul,291,41,42,42,43,42,26,25,26,27,29
239,NAWARANGAPUR,23,Nandahandi,Nandahandi,239,38,38,39,39,38,26,25,26,27,29
195,KORAPUT,20,Nandapur,Nandapur,195,39,39,39,39,38,26,25,26,27,29
66,CUTTACK,7,Narasinghpur,Narasinghpur,66,40,40,41,41,41,26,25,26,27,29
197,KORAPUT,20,Narayanpatna,Narayanpatna,197,38,38,39,39,38,26,25,26,27,29
138,KALAHANDI,15,Narla,Narla,138,42,42,43,43,42,26,25,26,27,29
115,JAGATSINGHPUR,12,Naugaon,Naugaon,115,38,39,39,40,40,26,25,26,27,29
238,NAWARANGAPUR,23,Nawarangpur,Nawarangpur,238,38,38,38,39,38,26,25,26,27,29
252,NAYAGARH,24,Nayagarh,Nayagarh,252,39,38,39,40,39,26,25,26,27,29
64,CUTTACK,7,Niali,Niali,64,38,39,39,40,40,26,25,26,27,29
15,BALESWAR,2,Nilagiri,Nilagiri,15,39,38,39,40,39,26,25,26,27,29
268,PURI,26,Nimapada,Nimapada,268,38,38,39,40,39,26,25,26,27,29
65,CUTTACK,7,Nischintakoili,Nischintakoili,65,38,39,39,40,40,26,25,26,27,29
85,GAJAPATI,10,Nuagada,Nuagada,85,39,38,39,39,39,26,25,26,27,29
253,NAYAGARH,24,Nuagaon (Nayagarh),Nuagaon (Nayagarh),253,39,39,40,40,40,26,25,26,27,29
308,SUNDARGARH,30,Nuagaon (Sundargarh),Nuagaon (Sundargarh),308,42,42,43,44,43,26,25,26,27,29
259,NUAPADA,25,Nuapada,Nuapada,259,43,42,43,44,43,26,25,26,27,29
254,NAYAGARH,24,Odagaon,Odagaon,254,39,38,39,40,39,26,25,26,27,29
75,DHENKANAL,9,Odapada,Odapada,75,40,40,42,42,42,26,25,26,27,29
277,RAYAGADA,27,Padmapur,Padmapur,277,39,39,39,40,39,26,25,26,27,29
31,BARAGARH,3,Paikamal,Paikamal,31,43,42,43,44,43,26,25,26,27,29
8,ANGUL,1,Palalahada,Palalahada,8,40,40,41,42,42,26,25,26,27,29
241,NAWARANGAPUR,23,Paparahandi,Paparahandi,241,39,39,39,40,39,26,25,26,27,29
82,GAJAPATI,10,Parlakhemundi(Gosani),Parlakhemundi(Gosani),82,38,37,38,38,38,26,25,26,27,29
171,KEONJHAR,18,Patana,Patana,171,39,38,39,40,40,26,25,26,27,29
100,GANJAM,11,Patrapur,Patrapur,100,38,37,38,38,38,26,25,26,27,29
164,KENDRAPARA,17,Pattamundai,Pattamundai,164,38,38,39,40,39,26,25,26,27,29
154,KANDHAMAL,16,Phiringia,Phiringia,154,42,42,42,43,43,26,25,26,27,29
155,KANDHAMAL,16,Phulbani,Phulbani,155,42,42,42,43,43,26,25,26,27,29
269,PURI,26,Pipili,Pipili,269,38,38,39,40,39,26,25,26,27,29
211,MALKANGIRI,21,Podia,Podia,211,40,41,40,40,40,26,25,26,27,29
93,GANJAM,11,Polasara,Polasara,93,38,38,38,39,39,26,25,26,27,29
193,KORAPUT,20,Pottangi,Pottangi,193,38,38,39,39,38,26,25,26,27,29
41,BALANGIR,5,Puintala,Puintala,41,43,43,43,44,44,26,25,26,27,29
270,PURI,26,Puri,Puri,270,37,37,38,38,38,26,25,26,27,29
91,GANJAM,11,Purusottampur,Purusottampur,91,37,36,37,37,37,26,25,26,27,29
86,GAJAPATI,10,R. Udaygiri,R. Udaygiri,86,38,38,39,39,38,26,25,26,27,29
113,JAGATSINGHPUR,12,Raghunathpur,Raghunathpur,113,38,39,39,40,40,26,25,26,27,29
245,NAWARANGAPUR,23,Raighar,Raighar,245,40,40,41,41,41,26,25,26,27,29
156,KANDHAMAL,16,Raikia,Raikia,156,40,40,40,41,41,26,25,26,27,29
290,SAMBALPUR,28,Rairakhol,Rairakhol,290,42,42,43,43,43,26,25,26,27,29
228,MAYURBHANJ,22,Rairangpur,Rairangpur,228,39,39,40,40,40,26,25,26,27,29
306,SUNDARGARH,30,Rajagangapur,Rajagangapur,306,42,42,43,44,43,26,25,26,27,29
30,BARAGARH,3,Padmapur,Padmapur,30,42,42,42,43,43,26,25,26,27,29
167,KENDRAPARA,17,Rajkanika,Rajkanika,167,39,38,39,40,39,26,25,26,27,29
166,KENDRAPARA,17,Rajnagar,Rajnagar,166,39,38,39,40,39,26,25,26,27,29
279,RAYAGADA,27,Ramanguda,Ramanguda,279,38,38,39,39,39,26,25,26,27,29
255,NAYAGARH,24,Ranapur,Ranapur,255,39,38,39,40,39,26,25,26,27,29
97,GANJAM,11,Rangeilunda,Rangeilunda,97,36,35,36,36,36,26,25,26,27,29
237,MAYURBHANJ,22,Raruan,Raruan,237,39,39,40,41,40,26,25,26,27,29
216,MAYURBHANJ,22,Rasagovindpur,Rasagovindpur,216,39,38,39,39,39,26,25,26,27,29
125,JAJPUR,13,Rasulpur,Rasulpur,125,39,39,39,40,40,26,25,26,27,29
83,GAJAPATI,10,Rayagada (Gajapati),Rayagada (Gajapati),83,38,38,38,39,38,26,25,26,27,29
272,RAYAGADA,27,Rayagada,Rayagada,272,38,38,39,39,38,26,25,26,27,29
285,SAMBALPUR,28,Rengali,Rengali,285,42,43,43,44,43,26,25,26,27,29
172,KEONJHAR,18,Saharapada,Saharapada,172,39,39,39,40,40,26,25,26,27,29
53,BALANGIR,5,Saintala,Saintala,53,43,43,44,44,43,26,25,26,27,29
67,CUTTACK,7,Salepur,Salepur,67,38,38,39,40,39,26,25,26,27,29
101,GANJAM,11,Sanakhemundi,Sanakhemundi,101,38,38,38,39,38,26,25,26,27,29
218,MAYURBHANJ,22,Saraskana,Saraskana,218,39,38,39,40,40,26,25,26,27,29
271,PURI,26,Satyabadi,Satyabadi,271,38,37,38,39,38,26,25,26,27,29
109,GANJAM,11,Seragad,Seragad,109,38,37,38,39,38,26,25,26,27,29
212,MAYURBHANJ,22,Shamakhunta,Shamakhunta,212,39,38,39,40,40,26,25,26,27,29
199,KORAPUT,20,Similiguda,Similiguda,199,38,38,38,38,38,26,25,26,27,29
18,BALESWAR,2,Simulia,Simulia,18,40,39,40,40,39,26,25,26,27,29
260,NUAPADA,25,Sinapalli,Sinapalli,260,42,41,42,43,42,26,25,26,27,29
32,BARAGARH,3,Sohela,Sohela,32,42,43,43,44,44,26,25,26,27,29
292,SONEPUR,29,Sonepur,Sonepur,292,43,43,43,44,44,26,25,26,27,29
110,GANJAM,11,Sorada,Sorada,110,39,39,40,41,40,26,25,26,27,29
16,BALESWAR,2,Soro,Soro,16,39,38,39,40,39,26,25,26,27,29
302,SUNDARGARH,30,Subdega,Subdega,302,42,42,43,44,43,26,25,26,27,29
124,JAJPUR,13,Sukinda,Sukinda,124,39,39,39,40,40,26,25,26,27,29
236,MAYURBHANJ,22,Sukruli,Sukruli,236,39,39,40,41,40,26,25,26,27,29
219,MAYURBHANJ,22,Suliapada,Suliapada,219,39,38,39,40,40,26,25,26,27,29
301,SUNDARGARH,30,Sundargarh,Sundargarh,301,43,43,44,44,44,26,25,26,27,29
4,ANGUL,1,Talcher,Talcher,4,40,41,43,43,43,26,25,26,27,29
300,SUNDARGARH,30,Tangarapali,Tangarapali,300,42,43,44,44,44,26,25,26,27,29
68,CUTTACK,7,Tangi-Choudwar,Tangi-Choudwar,68,38,38,39,40,39,26,25,26,27,29
294,SONEPUR,29,Tarbha,Tarbha,294,42,42,43,44,43,26,25,26,27,29
170,KEONJHAR,18,Telkoi,Telkoi,170,39,39,40,41,41,26,25,26,27,29
240,NAWARANGAPUR,23,Tentulikhunti,Tentulikhunti,240,39,39,39,40,39,26,25,26,27,29
235,MAYURBHANJ,22,Thakurmunda,Thakurmunda,235,39,39,39,40,40,26,25,26,27,29
140,KALAHANDI,15,Thuamul-Rampur,Thuamul-Rampur,140,41,41,42,42,42,26,25,26,27,29
39,BHADRAK,4,Tihidi,Tihidi,39,40,39,40,40,39,26,25,26,27,29
157,KANDHAMAL,16,Tikabali,Tikabali,157,40,40,40,41,41,26,25,26,27,29
71,DEOGARH,8,Tileibani (Deogarh),Tileibani (Deogarh),71,41,41,42,43,43,26,25,26,27,29
232,MAYURBHANJ,22,Tiring,Tiring,232,39,39,40,41,40,26,25,26,27,29
116,JAGATSINGHPUR,12,Tirtol,Tirtol,116,38,39,39,40,40,26,25,26,27,29
49,BALANGIR,5,Titilagarh,Titilagarh,49,43,43,44,44,43,26,25,26,27,29
158,KANDHAMAL,16,Tumudibandha,Tumudibandha,158,41,41,42,42,42,26,25,26,27,29
50,BALANGIR,5,Tureikela,Tureikela,50,42,42,43,43,42,26,25,26,27,29
297,SONEPUR,29,Ulunda,Ulunda,297,43,43,43,44,44,26,25,26,27,29
244,NAWARANGAPUR,23,Umarkote,Umarkote,244,40,40,41,41,41,26,25,26,27,29
181,KHURDA,19,Balianta,Balianta,181,38,38,39,40,39,26,25,26,27,29
182,KHURDA,19,Balipatna,Balipatna,182,38,38,39,40,39,26,25,26,27,29
185,KHURDA,19,Banapur,Banapur,185,39,38,39,40,39,26,25,26,27,29
186,KHURDA,19,Begunia,Begunia,186,39,38,39,40,39,26,25,26,27,29
183,KHURDA,19,Bhubaneswar,Bhubaneswar,183,38,38,39,40,39,26,25,26,27,29
187,KHURDA,19,Bolagad,Bolagad,187,39,38,39,40,39,26,25,26,27,29
188,KHURDA,19,Chilika,Chilika,188,38,38,38,39,39,26,25,26,27,29
184,KHURDA,19,Jatani,Jatani,184,39,38,39,40,39,26,25,26,27,29
189,KHURDA,19,Khordha,Khordha,189,39,38,39,40,39,26,25,26,27,29
190,KHURDA,19,Tangi,Tangi,190,39,38,39,40,39,26,25,26,27,29
296,SONEPUR,29,Biramaharajpur,Biramaharajpur,296,43,43,43,44,44,26,25,26,27,29
208,MALKANGIRI,21,Kudmulguma,Kudmulguma,208,40,41,40,40,40,26,25,26,27,29
209,MALKANGIRI,21,Korkunda,Korkunda,209,40,41,40,40,40,26,25,26,27,29
258,NUAPADA,25,Komna,Komna,258,43,42,43,44,43,26,25,26,27,29
46,BALANGIR,5,Patnagarh,Patnagarh,46,42,42,43,43,43,26,25,26,27,29
221,MAYURBHANJ,22,Baripada,Baripada,221,39,38,39,40,40,26,25,26,27,29
169,KEONJHAR,18,Banspal,Banspal,169,39,39,40,41,41,26,25,26,27,29
293,SONEPUR,29,Binika,Binika,293,42,42,43,43,43,26,25,26,27,29
72,DEOGARH,8,Reamal,Reamal,72,40,41,42,43,43,26,25,26,27,29
88,CUTTACK,7,Banki,Banki,88,39,38,39,40,39,26,25,26,27,29
69,CUTTACK,7,Tigiria,Tigiria,69,39,38,39,40,39,26,25,26,27,29
57,CUTTACK,7,Athagad,Athagad,57,38,38,39,40,39,26,25,26,27,29
79,DHENKANAL,9,Parajang,Parajang,79,40,40,42,42,42,26,25,26,27,29
60,CUTTACK,7,Badamba,Badamba,60,39,39,40,40,40,26,25,26,27,29
14,BALESWAR,2,Remuna,Remuna,14,38,38,39,39,39,26,25,26,27,29
17,BALESWAR,2,Bahanaga,Bahanaga,17,39,38,39,39,39,26,25,26,27,29
224,MAYURBHANJ,22,Udala,Udala,224,39,38,39,40,40,26,25,26,27,29
20,BALESWAR,2,Oupada,Oupada,20,39,38,39,40,39,26,25,26,27,29
